REq,2.53387
Rou,2
U0,0.181211
K,0.903158
CntctFctr,1
AfntyFctr_Intr,1
AfntyFctr_00,0.01
AfntyFctr_01,0.01
AfntyFctr_11,0.01
AfntyFctr_0B,0.01
AfntyFctr_1B,0.01
SCE 0(C/Cell Id/Type/Phase),0.05,0,1,0.850796
SCE 1(C/Cell Id/Type/Phase),0.05,0,1,5.24385
SCE 2(C/Cell Id/Type/Phase),0.05,0,1,6.08449
SCE 3(C/Cell Id/Type/Phase),0.05,0,1,1.38809
SCE 4(C/Cell Id/Type/Phase),0.05,0,1,1.93529
SCE 5(C/Cell Id/Type/Phase),0.05,0,1,3.43655
SCE 6(C/Cell Id/Type/Phase),0.05,0,1,1.18304
SCE 7(C/Cell Id/Type/Phase),0.05,0,1,6.23529
SCE 8(C/Cell Id/Type/Phase),0.05,0,1,6.25778
SCE 9(C/Cell Id/Type/Phase),0.05,0,1,6.07712
SCE 10(C/Cell Id/Type/Phase),0.05,0,1,4.55827
SCE 11(C/Cell Id/Type/Phase),0.05,0,1,6.16137
SCE 12(C/Cell Id/Type/Phase),0.05,0,1,0.689932
SCE 13(C/Cell Id/Type/Phase),0.05,0,1,5.0121
SCE 14(C/Cell Id/Type/Phase),0.05,0,1,1.86534
SCE 15(C/Cell Id/Type/Phase),0.05,0,1,0.0300403
SCE 16(C/Cell Id/Type/Phase),0.05,0,1,0.706277
SCE 17(C/Cell Id/Type/Phase),0.05,0,1,4.01771
SCE 18(C/Cell Id/Type/Phase),0.05,0,1,5.51654
SCE 19(C/Cell Id/Type/Phase),0.05,0,1,3.163
SCE 20(C/Cell Id/Type/Phase),0.05,0,1,5.01099
SCE 21(C/Cell Id/Type/Phase),0.05,0,1,2.26893
SCE 22(C/Cell Id/Type/Phase),0.05,0,1,1.33088
SCE 23(C/Cell Id/Type/Phase),0.05,0,1,4.27894
SCE 24(C/Cell Id/Type/Phase),0.05,0,1,2.50408
SCE 25(C/Cell Id/Type/Phase),0.05,0,1,4.65126
SCE 26(C/Cell Id/Type/Phase),0.05,0,1,2.98148
SCE 27(C/Cell Id/Type/Phase),0.05,0,1,2.65071
SCE 28(C/Cell Id/Type/Phase),0.05,0,1,1.09187
SCE 29(C/Cell Id/Type/Phase),0.05,0,1,1.89601
SCE 30(C/Cell Id/Type/Phase),0.05,0,1,5.00692
SCE 31(C/Cell Id/Type/Phase),0.05,0,1,1.98794
SCE 32(C/Cell Id/Type/Phase),0.05,0,1,5.47885
SCE 33(C/Cell Id/Type/Phase),0.05,0,1,0.936436
SCE 34(C/Cell Id/Type/Phase),0.05,0,1,6.24275
SCE 35(C/Cell Id/Type/Phase),0.05,0,1,5.16155
SCE 36(C/Cell Id/Type/Phase),0.05,0,1,0.786148
SCE 37(C/Cell Id/Type/Phase),0.05,0,1,4.79635
SCE 38(C/Cell Id/Type/Phase),0.05,0,1,3.0809
SCE 39(C/Cell Id/Type/Phase),0.05,0,1,4.16744
SCE 40(C/Cell Id/Type/Phase),0.05,0,1,0.790631
SCE 41(C/Cell Id/Type/Phase),0.05,0,1,1.32011
SCE 42(C/Cell Id/Type/Phase),0.05,0,1,0.321639
SCE 43(C/Cell Id/Type/Phase),0.05,0,1,0.228851
SCE 44(C/Cell Id/Type/Phase),0.05,0,1,2.56683
SCE 45(C/Cell Id/Type/Phase),0.05,0,1,2.87617
SCE 46(C/Cell Id/Type/Phase),0.05,0,1,3.06193
SCE 47(C/Cell Id/Type/Phase),0.05,0,1,4.98616
SCE 48(C/Cell Id/Type/Phase),0.05,0,1,5.78309
SCE 49(C/Cell Id/Type/Phase),0.05,0,1,5.07129
SCE 50(C/Cell Id/Type/Phase),0.05,0,1,4.43226
SCE 51(C/Cell Id/Type/Phase),0.05,0,1,0.0176998
SCE 52(C/Cell Id/Type/Phase),0.05,0,1,4.46322
SCE 53(C/Cell Id/Type/Phase),0.05,0,1,4.04407
SCE 54(C/Cell Id/Type/Phase),0.05,0,1,2.86389
SCE 55(C/Cell Id/Type/Phase),0.05,0,1,4.8602
SCE 56(C/Cell Id/Type/Phase),0.05,0,1,3.60318
SCE 57(C/Cell Id/Type/Phase),0.05,0,1,5.50604
SCE 58(C/Cell Id/Type/Phase),0.05,0,1,5.07534
SCE 59(C/Cell Id/Type/Phase),0.05,0,1,0.11162
SCE 60(C/Cell Id/Type/Phase),0.05,0,1,5.15742
SCE 61(C/Cell Id/Type/Phase),0.05,0,1,5.15488
SCE 62(C/Cell Id/Type/Phase),0.05,0,1,5.90366
SCE 63(C/Cell Id/Type/Phase),0.05,0,1,2.59155
SCE 64(C/Cell Id/Type/Phase),0.05,0,1,2.65748
SCE 65(C/Cell Id/Type/Phase),0.05,0,1,3.64841
SCE 66(C/Cell Id/Type/Phase),0.05,0,1,0.992602
SCE 67(C/Cell Id/Type/Phase),0.05,0,1,4.78367
SCE 68(C/Cell Id/Type/Phase),0.05,0,1,1.44538
SCE 69(C/Cell Id/Type/Phase),0.05,0,1,5.08513
SCE 70(C/Cell Id/Type/Phase),0.05,0,1,6.20792
SCE 71(C/Cell Id/Type/Phase),0.05,0,1,2.08778
SCE 72(C/Cell Id/Type/Phase),0.05,0,1,1.88294
SCE 73(C/Cell Id/Type/Phase),0.05,0,1,0.0850257
SCE 74(C/Cell Id/Type/Phase),0.05,0,1,1.36425
SCE 75(C/Cell Id/Type/Phase),0.05,0,1,5.69825
SCE 76(C/Cell Id/Type/Phase),0.05,0,1,5.32838
SCE 77(C/Cell Id/Type/Phase),0.05,0,1,5.99751
SCE 78(C/Cell Id/Type/Phase),0.05,0,1,4.89148
SCE 79(C/Cell Id/Type/Phase),0.05,0,1,6.20125
SCE 80(C/Cell Id/Type/Phase),0.05,0,1,0.424499
SCE 81(C/Cell Id/Type/Phase),0.05,0,1,4.98379
SCE 82(C/Cell Id/Type/Phase),0.05,0,1,3.73348
SCE 83(C/Cell Id/Type/Phase),0.05,0,1,4.60198
SCE 84(C/Cell Id/Type/Phase),0.05,0,1,4.36606
SCE 85(C/Cell Id/Type/Phase),0.05,0,1,4.26927
SCE 86(C/Cell Id/Type/Phase),0.05,0,1,2.46377
SCE 87(C/Cell Id/Type/Phase),0.05,0,1,3.52658
SCE 88(C/Cell Id/Type/Phase),0.05,0,1,1.30667
SCE 89(C/Cell Id/Type/Phase),0.05,0,1,3.31189
SCE 90(C/Cell Id/Type/Phase),0.05,0,1,2.53843
SCE 91(C/Cell Id/Type/Phase),0.05,0,1,2.21535
SCE 92(C/Cell Id/Type/Phase),0.05,0,1,3.72293
SCE 93(C/Cell Id/Type/Phase),0.05,0,1,2.23785
SCE 94(C/Cell Id/Type/Phase),0.05,0,1,6.05999
SCE 95(C/Cell Id/Type/Phase),0.05,0,1,0.969873
SCE 96(C/Cell Id/Type/Phase),0.05,0,1,2.48002
SCE 97(C/Cell Id/Type/Phase),0.05,0,1,2.43222
SCE 98(C/Cell Id/Type/Phase),0.05,0,1,4.56528
SCE 99(C/Cell Id/Type/Phase),0.05,0,1,2.44022
Cell 0(Diameter/SCE ID Begin/SCE ID End),13,0,99
