Vertex amount in longitude,25
Vertex amount in latitude,36
Cell 0(Type/),1
Cell 1(Type/),0
Cell 2(Type/),1
Cell 3(Type/),0
Cell 4(Type/),1
Cell 5(Type/),0
Cell 6(Type/),1
Cell 7(Type/),0
Cell 8(Type/),1
Cell 9(Type/),0
Cell 10(Type/),1
Cell 11(Type/),0
Cell 12(Type/),1
Cell 13(Type/),0
Cell 14(Type/),1
Cell 15(Type/),0
Cell 16(Type/),1
Cell 17(Type/),0
Cell 18(Type/),1
Cell 19(Type/),0
Cell 20(Type/),1
Cell 21(Type/),0
Cell 22(Type/),1
Cell 23(Type/),0
Cell 24(Type/),1
Cell 25(Type/),0
Cell 26(Type/),1
Cell 27(Type/),0
Cell 28(Type/),1
Cell 29(Type/),0
Cell 30(Type/),1
Cell 31(Type/),0
Cell 32(Type/),1
Cell 33(Type/),0
Cell 34(Type/),1
Cell 35(Type/),0
