REq,2.53387
Rou,2
U0,0.181211
K,0.903158
CntctFctr,1
AfntyFctr_Intr,1
AfntyFctr_00,0.01
AfntyFctr_01,0.01
AfntyFctr_11,0.01
AfntyFctr_0B,0.01
AfntyFctr_1B,0.01
SCE 0(C/Cell Id/Type/Phase),0.05,0,1,0.850796
SCE 1(C/Cell Id/Type/Phase),0.05,0,1,5.24385
SCE 2(C/Cell Id/Type/Phase),0.05,0,1,6.08449
SCE 3(C/Cell Id/Type/Phase),0.05,0,1,1.38809
SCE 4(C/Cell Id/Type/Phase),0.05,0,1,1.93529
SCE 5(C/Cell Id/Type/Phase),0.05,0,1,3.43655
SCE 6(C/Cell Id/Type/Phase),0.05,0,1,1.18304
SCE 7(C/Cell Id/Type/Phase),0.05,0,1,6.23529
SCE 8(C/Cell Id/Type/Phase),0.05,0,1,6.25778
SCE 9(C/Cell Id/Type/Phase),0.05,0,1,6.07712
SCE 10(C/Cell Id/Type/Phase),0.05,0,1,4.55827
SCE 11(C/Cell Id/Type/Phase),0.05,0,1,6.16137
SCE 12(C/Cell Id/Type/Phase),0.05,0,1,0.689932
SCE 13(C/Cell Id/Type/Phase),0.05,0,1,5.0121
SCE 14(C/Cell Id/Type/Phase),0.05,0,1,1.86534
SCE 15(C/Cell Id/Type/Phase),0.05,0,1,0.0300403
SCE 16(C/Cell Id/Type/Phase),0.05,0,1,0.706277
SCE 17(C/Cell Id/Type/Phase),0.05,0,1,4.01771
SCE 18(C/Cell Id/Type/Phase),0.05,0,1,5.51654
SCE 19(C/Cell Id/Type/Phase),0.05,0,1,3.163
SCE 20(C/Cell Id/Type/Phase),0.05,0,1,5.01099
SCE 21(C/Cell Id/Type/Phase),0.05,0,1,2.26893
SCE 22(C/Cell Id/Type/Phase),0.05,0,1,1.33088
SCE 23(C/Cell Id/Type/Phase),0.05,0,1,4.27894
SCE 24(C/Cell Id/Type/Phase),0.05,0,1,2.50408
SCE 25(C/Cell Id/Type/Phase),0.05,0,1,4.65126
SCE 26(C/Cell Id/Type/Phase),0.05,0,1,2.98148
SCE 27(C/Cell Id/Type/Phase),0.05,0,1,2.65071
SCE 28(C/Cell Id/Type/Phase),0.05,0,1,1.09187
SCE 29(C/Cell Id/Type/Phase),0.05,0,1,1.89601
SCE 30(C/Cell Id/Type/Phase),0.05,0,1,5.00692
SCE 31(C/Cell Id/Type/Phase),0.05,0,1,1.98794
SCE 32(C/Cell Id/Type/Phase),0.05,0,1,5.47885
SCE 33(C/Cell Id/Type/Phase),0.05,0,1,0.936436
SCE 34(C/Cell Id/Type/Phase),0.05,0,1,6.24275
SCE 35(C/Cell Id/Type/Phase),0.05,0,1,5.16155
SCE 36(C/Cell Id/Type/Phase),0.05,0,1,0.786148
SCE 37(C/Cell Id/Type/Phase),0.05,0,1,4.79635
SCE 38(C/Cell Id/Type/Phase),0.05,0,1,3.0809
SCE 39(C/Cell Id/Type/Phase),0.05,0,1,4.16744
SCE 40(C/Cell Id/Type/Phase),0.05,0,1,0.790631
SCE 41(C/Cell Id/Type/Phase),0.05,0,1,1.32011
SCE 42(C/Cell Id/Type/Phase),0.05,0,1,0.321639
SCE 43(C/Cell Id/Type/Phase),0.05,0,1,0.228851
SCE 44(C/Cell Id/Type/Phase),0.05,0,1,2.56683
SCE 45(C/Cell Id/Type/Phase),0.05,0,1,2.87617
SCE 46(C/Cell Id/Type/Phase),0.05,0,1,3.06193
SCE 47(C/Cell Id/Type/Phase),0.05,0,1,4.98616
SCE 48(C/Cell Id/Type/Phase),0.05,0,1,5.78309
SCE 49(C/Cell Id/Type/Phase),0.05,0,1,5.07129
SCE 50(C/Cell Id/Type/Phase),0.05,0,1,4.43226
SCE 51(C/Cell Id/Type/Phase),0.05,0,1,0.0176998
SCE 52(C/Cell Id/Type/Phase),0.05,0,1,4.46322
SCE 53(C/Cell Id/Type/Phase),0.05,0,1,4.04407
SCE 54(C/Cell Id/Type/Phase),0.05,0,1,2.86389
SCE 55(C/Cell Id/Type/Phase),0.05,0,1,4.8602
SCE 56(C/Cell Id/Type/Phase),0.05,0,1,3.60318
SCE 57(C/Cell Id/Type/Phase),0.05,0,1,5.50604
SCE 58(C/Cell Id/Type/Phase),0.05,0,1,5.07534
SCE 59(C/Cell Id/Type/Phase),0.05,0,1,0.11162
SCE 60(C/Cell Id/Type/Phase),0.05,0,1,5.15742
SCE 61(C/Cell Id/Type/Phase),0.05,0,1,5.15488
SCE 62(C/Cell Id/Type/Phase),0.05,0,1,5.90366
SCE 63(C/Cell Id/Type/Phase),0.05,0,1,2.59155
SCE 64(C/Cell Id/Type/Phase),0.05,0,1,2.65748
SCE 65(C/Cell Id/Type/Phase),0.05,0,1,3.64841
SCE 66(C/Cell Id/Type/Phase),0.05,0,1,0.992602
SCE 67(C/Cell Id/Type/Phase),0.05,0,1,4.78367
SCE 68(C/Cell Id/Type/Phase),0.05,0,1,1.44538
SCE 69(C/Cell Id/Type/Phase),0.05,0,1,5.08513
SCE 70(C/Cell Id/Type/Phase),0.05,0,1,6.20792
SCE 71(C/Cell Id/Type/Phase),0.05,0,1,2.08778
SCE 72(C/Cell Id/Type/Phase),0.05,0,1,1.88294
SCE 73(C/Cell Id/Type/Phase),0.05,0,1,0.0850257
SCE 74(C/Cell Id/Type/Phase),0.05,0,1,1.36425
SCE 75(C/Cell Id/Type/Phase),0.05,0,1,5.69825
SCE 76(C/Cell Id/Type/Phase),0.05,0,1,5.32838
SCE 77(C/Cell Id/Type/Phase),0.05,0,1,5.99751
SCE 78(C/Cell Id/Type/Phase),0.05,0,1,4.89148
SCE 79(C/Cell Id/Type/Phase),0.05,0,1,6.20125
SCE 80(C/Cell Id/Type/Phase),0.05,0,1,0.424499
SCE 81(C/Cell Id/Type/Phase),0.05,0,1,4.98379
SCE 82(C/Cell Id/Type/Phase),0.05,0,1,3.73348
SCE 83(C/Cell Id/Type/Phase),0.05,0,1,4.60198
SCE 84(C/Cell Id/Type/Phase),0.05,0,1,4.36606
SCE 85(C/Cell Id/Type/Phase),0.05,0,1,4.26927
SCE 86(C/Cell Id/Type/Phase),0.05,0,1,2.46377
SCE 87(C/Cell Id/Type/Phase),0.05,0,1,3.52658
SCE 88(C/Cell Id/Type/Phase),0.05,0,1,1.30667
SCE 89(C/Cell Id/Type/Phase),0.05,0,1,3.31189
SCE 90(C/Cell Id/Type/Phase),0.05,0,1,2.53843
SCE 91(C/Cell Id/Type/Phase),0.05,0,1,2.21535
SCE 92(C/Cell Id/Type/Phase),0.05,0,1,3.72293
SCE 93(C/Cell Id/Type/Phase),0.05,0,1,2.23785
SCE 94(C/Cell Id/Type/Phase),0.05,0,1,6.05999
SCE 95(C/Cell Id/Type/Phase),0.05,0,1,0.969873
SCE 96(C/Cell Id/Type/Phase),0.05,0,1,2.48002
SCE 97(C/Cell Id/Type/Phase),0.05,0,1,2.43222
SCE 98(C/Cell Id/Type/Phase),0.05,0,1,4.56528
SCE 99(C/Cell Id/Type/Phase),0.05,0,1,2.44022
SCE 100(C/Cell Id/Type/Phase),0.05,1,0,5.82466
SCE 101(C/Cell Id/Type/Phase),0.05,1,0,2.73882
SCE 102(C/Cell Id/Type/Phase),0.05,1,0,5.41762
SCE 103(C/Cell Id/Type/Phase),0.05,1,0,3.89586
SCE 104(C/Cell Id/Type/Phase),0.05,1,0,0.750756
SCE 105(C/Cell Id/Type/Phase),0.05,1,0,2.96389
SCE 106(C/Cell Id/Type/Phase),0.05,1,0,2.13658
SCE 107(C/Cell Id/Type/Phase),0.05,1,0,3.32741
SCE 108(C/Cell Id/Type/Phase),0.05,1,0,4.49711
SCE 109(C/Cell Id/Type/Phase),0.05,1,0,6.20702
SCE 110(C/Cell Id/Type/Phase),0.05,1,0,4.5247
SCE 111(C/Cell Id/Type/Phase),0.05,1,0,5.73099
SCE 112(C/Cell Id/Type/Phase),0.05,1,0,3.17453
SCE 113(C/Cell Id/Type/Phase),0.05,1,0,3.50593
SCE 114(C/Cell Id/Type/Phase),0.05,1,0,3.16003
SCE 115(C/Cell Id/Type/Phase),0.05,1,0,2.90434
SCE 116(C/Cell Id/Type/Phase),0.05,1,0,3.4326
SCE 117(C/Cell Id/Type/Phase),0.05,1,0,2.81083
SCE 118(C/Cell Id/Type/Phase),0.05,1,0,5.36595
SCE 119(C/Cell Id/Type/Phase),0.05,1,0,3.79457
SCE 120(C/Cell Id/Type/Phase),0.05,1,0,3.13086
SCE 121(C/Cell Id/Type/Phase),0.05,1,0,6.15393
SCE 122(C/Cell Id/Type/Phase),0.05,1,0,0.215513
SCE 123(C/Cell Id/Type/Phase),0.05,1,0,6.13557
SCE 124(C/Cell Id/Type/Phase),0.05,1,0,2.28081
SCE 125(C/Cell Id/Type/Phase),0.05,1,0,4.26738
SCE 126(C/Cell Id/Type/Phase),0.05,1,0,2.17435
SCE 127(C/Cell Id/Type/Phase),0.05,1,0,5.3749
SCE 128(C/Cell Id/Type/Phase),0.05,1,0,0.282974
SCE 129(C/Cell Id/Type/Phase),0.05,1,0,4.14555
SCE 130(C/Cell Id/Type/Phase),0.05,1,0,4.70963
SCE 131(C/Cell Id/Type/Phase),0.05,1,0,0.835215
SCE 132(C/Cell Id/Type/Phase),0.05,1,0,6.16922
SCE 133(C/Cell Id/Type/Phase),0.05,1,0,0.59883
SCE 134(C/Cell Id/Type/Phase),0.05,1,0,1.77519
SCE 135(C/Cell Id/Type/Phase),0.05,1,0,5.03726
SCE 136(C/Cell Id/Type/Phase),0.05,1,0,0.487058
SCE 137(C/Cell Id/Type/Phase),0.05,1,0,3.93997
SCE 138(C/Cell Id/Type/Phase),0.05,1,0,0.0508298
SCE 139(C/Cell Id/Type/Phase),0.05,1,0,4.2722
SCE 140(C/Cell Id/Type/Phase),0.05,1,0,3.3531
SCE 141(C/Cell Id/Type/Phase),0.05,1,0,2.75483
SCE 142(C/Cell Id/Type/Phase),0.05,1,0,1.25318
SCE 143(C/Cell Id/Type/Phase),0.05,1,0,0.866648
SCE 144(C/Cell Id/Type/Phase),0.05,1,0,2.40105
SCE 145(C/Cell Id/Type/Phase),0.05,1,0,4.78801
SCE 146(C/Cell Id/Type/Phase),0.05,1,0,0.254159
SCE 147(C/Cell Id/Type/Phase),0.05,1,0,1.58856
SCE 148(C/Cell Id/Type/Phase),0.05,1,0,3.16996
SCE 149(C/Cell Id/Type/Phase),0.05,1,0,5.16596
SCE 150(C/Cell Id/Type/Phase),0.05,1,0,6.16522
SCE 151(C/Cell Id/Type/Phase),0.05,1,0,5.1713
SCE 152(C/Cell Id/Type/Phase),0.05,1,0,1.89548
SCE 153(C/Cell Id/Type/Phase),0.05,1,0,0.30109
SCE 154(C/Cell Id/Type/Phase),0.05,1,0,1.55648
SCE 155(C/Cell Id/Type/Phase),0.05,1,0,3.41667
SCE 156(C/Cell Id/Type/Phase),0.05,1,0,5.57492
SCE 157(C/Cell Id/Type/Phase),0.05,1,0,2.15931
SCE 158(C/Cell Id/Type/Phase),0.05,1,0,0.208927
SCE 159(C/Cell Id/Type/Phase),0.05,1,0,1.02284
SCE 160(C/Cell Id/Type/Phase),0.05,1,0,5.50985
SCE 161(C/Cell Id/Type/Phase),0.05,1,0,1.3207
SCE 162(C/Cell Id/Type/Phase),0.05,1,0,1.71289
SCE 163(C/Cell Id/Type/Phase),0.05,1,0,3.09254
SCE 164(C/Cell Id/Type/Phase),0.05,1,0,1.40308
SCE 165(C/Cell Id/Type/Phase),0.05,1,0,3.07909
SCE 166(C/Cell Id/Type/Phase),0.05,1,0,5.99704
SCE 167(C/Cell Id/Type/Phase),0.05,1,0,4.09436
SCE 168(C/Cell Id/Type/Phase),0.05,1,0,4.75712
SCE 169(C/Cell Id/Type/Phase),0.05,1,0,2.73334
SCE 170(C/Cell Id/Type/Phase),0.05,1,0,3.47209
SCE 171(C/Cell Id/Type/Phase),0.05,1,0,0.333798
SCE 172(C/Cell Id/Type/Phase),0.05,1,0,2.02537
SCE 173(C/Cell Id/Type/Phase),0.05,1,0,2.54328
SCE 174(C/Cell Id/Type/Phase),0.05,1,0,5.70496
SCE 175(C/Cell Id/Type/Phase),0.05,1,0,5.08138
SCE 176(C/Cell Id/Type/Phase),0.05,1,0,1.6221
SCE 177(C/Cell Id/Type/Phase),0.05,1,0,0.815436
SCE 178(C/Cell Id/Type/Phase),0.05,1,0,3.09809
SCE 179(C/Cell Id/Type/Phase),0.05,1,0,2.37698
SCE 180(C/Cell Id/Type/Phase),0.05,1,0,4.51199
SCE 181(C/Cell Id/Type/Phase),0.05,1,0,1.80742
SCE 182(C/Cell Id/Type/Phase),0.05,1,0,3.91518
SCE 183(C/Cell Id/Type/Phase),0.05,1,0,5.09857
SCE 184(C/Cell Id/Type/Phase),0.05,1,0,1.96255
SCE 185(C/Cell Id/Type/Phase),0.05,1,0,2.42226
SCE 186(C/Cell Id/Type/Phase),0.05,1,0,2.15988
SCE 187(C/Cell Id/Type/Phase),0.05,1,0,5.12303
SCE 188(C/Cell Id/Type/Phase),0.05,1,0,4.20311
SCE 189(C/Cell Id/Type/Phase),0.05,1,0,2.38275
SCE 190(C/Cell Id/Type/Phase),0.05,1,0,2.87936
SCE 191(C/Cell Id/Type/Phase),0.05,1,0,1.9067
SCE 192(C/Cell Id/Type/Phase),0.05,1,0,5.71835
SCE 193(C/Cell Id/Type/Phase),0.05,1,0,3.06852
SCE 194(C/Cell Id/Type/Phase),0.05,1,0,4.74636
SCE 195(C/Cell Id/Type/Phase),0.05,1,0,0.678629
SCE 196(C/Cell Id/Type/Phase),0.05,1,0,2.47174
SCE 197(C/Cell Id/Type/Phase),0.05,1,0,5.46477
SCE 198(C/Cell Id/Type/Phase),0.05,1,0,2.26621
SCE 199(C/Cell Id/Type/Phase),0.05,1,0,5.7595
Cell 0(Diameter/SCE ID Begin/SCE ID End),13,0,99
Cell 1(Diameter/SCE ID Begin/SCE ID End),13,100,199
